#CODE;ENGLISH;FRENCH;;;;;;;;;;;;x
e_germany;Germania;Empire Germanique;;;;;;;;;;;;x
form_the_hre_early_tooltip_1;Is [Root.GetKingQueen] of Italy or [Root.GetEmperorEmpress] of Italia\n;[Root.GetKingQueen] d'Italie ou [Root.GetEmperorEmpress] italique\n;;;;;;;;;;;;x
nick_hildetand;Wartooth;à la dent de combat;;;;;;;;;;;;x
NOT_VARIABLE;§Y$VAR$§! is less than §Y$VALUE$§!;§Y$VAR$§! est inférieur à §Y$VALUE$§!;;;;;;;;;;;;x
VARIABLE;§Y$VAR$§! is at least §Y$VALUE$§!;§Y$VAR$§! est au moins de §Y$VALUE$§!;;;;;;;;;;;;x
IS_VARIABLE_EQUAL;§Y$VAR$§! is equal to §Y$VALUE$§!;§Y$VAR$§! est égal(e) à §Y$VALUE$§!;;;;;;;;;;;;x
NOT_IS_VARIABLE_EQUAL;§Y$VAR$§! is NOT equal to §Y$VALUE$§!;§Y$VAR$§! n'est PAS égal(e) à §Y$VALUE$§!;;;;;;;;;;;;x
SET_VARIABLE;Set §Y$VAR$§! to §Y$VALUE$§!;Mettre §Y$VAR$§! à §Y$VALUE$§!;;;;;;;;;;;;x
CHANGE_VARIABLE;Change §Y$VAR$§! by §Y$VALUE$§!;Changer §Y$VAR$§! pour §Y$VALUE$§!;;;;;;;;;;;;x
SUBTRACT_VARIABLE;Subtract §Y$VALUE$§! from §Y$VAR$§!;Soustraire §Y$VALUE$§! à §Y$VAR$§!;;;;;;;;;;;;x
DIVIDE_VARIABLE;Divide §Y$VAR$§! by §Y$VALUE$§!;Diviser §Y$VAR$§!par §Y$VALUE$§!;;;;;;;;;;;;x
MODIFIER_LOCAL_MOVEMENT_SPEED;Local Movement Speed;Vitesse locale de mouvement;;;;;;;;;;;;x
LOSES_NICKNAME;Will no longer be known as;Perd le sobriquet;;;;;;;;;;;;x
LOSTNICKNAME_SETUP;Nickname Lost;Sobriquet perdu;;;;;;;;;;;;x
LOSTNICKNAME_LOG;§Y$CHARACTERNAME$§! is no longer known as $NICKNAME$.;§Y$CHARACTERNAME$§! n'est plus connu(e) sous le nom de $NICKNAME$.;;;;;;;;;;;;x
TRIGGER_DYNASTY_HEAD;Head of Dynasty;Chef de maison;;;;;;;;;;;;x
NUM_OF_MAX_SETTLEMENTS_AT_LEAST;Max holdings at least §Y$VAL$§!;Taille potentielle du domaine d'au moins §Y$VAL$§!;;;;;;;;;;;;x
NUM_OF_MAX_SETTLEMENTS_LESS_THAN;Max holdings less than §Y$VAL$§!;Taille potentielle du domaine inférieure à §Y$VAL$§!;;;;;;;;;;;;x
NUM_OF_EMPTY_HOLDINGS_AT_LEAST;Empty holdings at least §Y$VAL$§!;Au moins §Y$VAL$§! fiefs inachevés;;;;;;;;;;;;x
NUM_OF_EMPTY_HOLDINGS_LESS_THAN;Empty holdings less than §Y$VAL$§!;Moins de §Y$VAL$§! fiefs inachevés;;;;;;;;;;;;x
DONT_BORDERS_MAJOR_RIVER;Does NOT border major river;N'est PAS baigné par un fleuve;;;;;;;;;;;;x
BORDERS_MAJOR_RIVER;Borders major river;Baigné par un fleuve;;;;;;;;;;;;x
SET_GRAPHICAL_CULTURE;Set graphical culture to §Y$NAME$§!;Adopter un apparence §Y$NAME$§!;;;;;;;;;;;;x
NOT_IS_LOOTING;Is NOT looting;N'est PAS en train de piller;;;;;;;;;;;;x
IS_LOOTING;Is looting;Est en train de piller;;;;;;;;;;;;x
NOT_IS_LOOTING_IN;Is NOT looting in §Y$PROVINCE$§!;N'est PAS en train de piller en §Y$PROVINCE$§!;;;;;;;;;;;;x
IS_LOOTING_IN;Is looting in §Y$PROVINCE$§!;Est en train de piller en §Y$PROVINCE$§!;;;;;;;;;;;;x
opinion_half_sister;Half-sister;Demi-soeur;;;;;;;;;;;;x
opinion_grandchild;Grandchild;Descendant;;;;;;;;;;;;x
NOT_IS_ALLIED_WITH;Is NOT allied with §Y$NAME$§!;N'est PAS allié à §Y$NAME$§!;;;;;;;;;;;;x
IS_ALLIED_WITH;Is allied with §Y$NAME$§!;Est allié à §Y$NAME$§!;;;;;;;;;;;;x
FILTER_NOT_SAME_REL;Not My Religion;Pas de ma religion;;;;;;;;;;;;x
FILTER_NOT_SAME_REL_GROUP;Not My Religion Group;Pas de mon groupe religieux;;;;;;;;;;;;x
FILTER_ANY_REL;Any Religion;N'importe quelle religion;;;;;;;;;;;;x
FILTER_NOT_SAME_CUL;Not My Culture;Pas de ma culture;;;;;;;;;;;;x
FILTER_ANY_CUL;Any Culture;N'importe quelle culture;;;;;;;;;;;;x
FILTER_NOT_SAME_CUL_GROUP;Not My Culture Group;Pas de mon groupe culturel;;;;;;;;;;;;x
TITLE_CREATION_TEMPORARY_TITLE;Neither temporary title holders nor their vassals can create any titles;Les détenteurs d'un titre temporaire ou leurs vassaux ne peuvent créer de titres.;;;;;;;;;;;;x
TEMP_T_HOLDER_CANT_DESTROY_T;Neither temporary title holders nor their vassals can destroy any titles;Les détenteurs d'un titre temporaire ou leurs vassaux ne peuvent détruire de titres.;;;;;;;;;;;;x
LIEGE_ENDED_WAR_PARTICIPATION_SETUP;Liege ended war participation;Le suzerain s'est retiré de cette guerre;;;;;;;;;;;;x
LIEGE_ENDED_WAR_PARTICIPATION_LOG;§Y$VASSAL$§! is no longer a participant in §YThe $WAR$§! as $PRONOUN$ liege §Y$LIEGE$§! joined the war as §Y$SIDE$§!.;§Y$VASSAL$§! ne participe plus à §YThe $WAR$§! car son suzerain §Y$LIEGE$§! a rejoint la guerre du côté §Y$SIDE$§!.;;;;;;;;;;;;x
LIEGE_ENDED_WAR_SETUP;Liege ended the war;Le suzerain a mis fin à cette guerre;;;;;;;;;;;;x
LIEGE_ENDED_WAR_LOG;§YThe $WAR$§! has ended as §Y$LIEGE$§! joined the war as §Y$SIDE$§!.;§YThe $WAR$§! est terminée car §Y$LIEGE$§! a rejoint la guerre du côté §Y$SIDE$§!.;;;;;;;;;;;;x
INTERACTION_CANNOT_JOIN_VASSAL_WAR;We cannot join our vassals' wars (except for Crusades/Jihads and for supporting their claims outside your realm);Nous ne pouvons pas participer aux guerres de nos vassaux (sauf pour les Croisades/Djihads et pour appuyer leurs revendications à l'extérieur du royaume);;;;;;;;;;;;x
PICK_YOUR_STARTING_ERA;Choose Your Starting Era;Choisissez votre époque de départ;;;;;;;;;;;;x
DARK_AGES;Early Middle Ages;Haut Moyen-Âge;;;;;;;;;;;;x
DARK_AGES_INFO;The Early Middle Ages started with the fall of the Western Roman Empire in the early 5th century. The earlier part of this era saw the great Germanic and Slavic migrations across Europe, with peoples such as the Goths and Lombards settling in Southern Europe, the Franks settling in Gaul and Saxons crossing the sea and settling in Britain. The Eastern Roman Empire was violently shaken by the pressure from the Goths and Avars, and fought bitterly with the ancient Persian enemy. The rise of Islam saw the Arabs conquering immense amounts of territory in the Middle East and North Africa, and in India several great dynasties vied for dominance, with the Rashtrakutas rising towards the end of the 8th century. In the steppes, the Khazars grew in power, and in Scandinavia things were about to change in a way that was to affect the entire continent...;Le début classique du Haut Moyen-Âge est la chute de l'Empire romain d'Occident, vers la fin du Ve siècle. Les débuts de cette époque ont vue les grandes migrations germaniques et slaves à travers l'Europe. Des peuples comme les Goths et les Lombards s'installant en Europe du Sud, les Francs s'établissant en Gaule et les Saxons traversant la mer pour occuper la Bretagne. L'Empire romain d'Orient, quant à lui, fut ébranlé par les invasions des Goths et des Avars, ainsi que par la lutte farouche avec le séculaire ennemi perse. La montée de l'Islam a vu les Arabes s'emparer d'un immense territoire au Moyen-Orient et en Afrique du Nord, alors qu'en Inde, plusieurs grandes dynasties se confrontent pour l'hégémonie, dont les Rahstrakutas, à la fin du VIIIe siècle. Dans les steppes, rien ne semble pouvoir arrêter les Khazares alors qu'en Scandinavie, d'importants changements vont bientôt influencer l'ensemble du continent...;;;;;;;;;;;;x
VIKING_ERA_INFO;By the middle of the 9th century, the Norse raiders and adventurers known as the Vikings had already begun to set their indelible mark on the map of Europe, establishing realms in Russia and the British Isles and travelling and raiding as far as the Black Sea and the Mediterranean. The Karling rulers, descendants of Charlemagne, ruled mighty realms in France, Germany and Italy, while the Muslim religion was now firmly established in Spain under the Umayyads. The Byzantine emperor held on, though suffering under increasing pressure from the Caliphate and the Bulgarians. West of the fractured Steppes, The Magyars were poised to make their claim on the Carpathian basin. Islam was spreading rapidly in Persia under rulers such as the Saffarids, and had penetrated into the Indus valley. Further East, the Hindu Pratihara dynasty was expanding.;Au milieu du IXe siècle, les pillards et aventuriers norrois, connu sous le nom de Viking, ont déjà laissé une marque indélébile sur la carte de l'Europe. Fondant des royaumes en Russie et dans les îles britanniques, les Vikings voyagèrent et pillèrent jusque dans la les mer Noire et Méditerranée. Les Carolingiens, descendant de Charlemagne, règnent fièrement sur la France, l'Allemagne et l'Italie moderne, alors que la religion musulmane s'enracine en Espagne sous la férule des Ommeyades. L'Empereur byzantin tient toujours, malgré une pression sans cesse croissante de la part du Calife et des Bulgares. À l'ouest des Steppes, les Magyars se préparent à revendiquer le bassin des Carpathes. L'Islam se répand en Perse sous le règne des Saffarides, et parvient maintenant à la vallée de l'Indus. Plus à l'est, la dynastie hindoue des Pratihara prend de l'expansion.;;;;;;;;;;;;x
EARLY_MED;High Middle Ages;Moyen-Âge classique;;;;;;;;;;;;x
EARLY_MED_INFO;By the late 10th and early 11th centuries the Muslim world was changing, with Turkish dynasties such as the Seljuks and Ghaznavids now dominating Persia. The Byzantine Empire was still holding its own but was to see worse times coming. Central and Western continental Europe was split between France and a strong Holy Roman Empire, while Christian kings were advancing against a fractured and weakened Muslim Spain. Scandinavia was quickly converting to Christianity, and the Norse settlers in Russia and Britain had become assimilated with the local populations. Yet Viking descendants in Normandy and Italy were preparing new conquests, and the time of the First Crusade was approaching...;Au tournant du Xie siècle, le monde musulman est en évolution. Des dynasties turques comme les Seldjoukides et les Ghaznavides dominent maintenant la Perse. L'Empire byzantin tient le coup, mais devra faire face à l'épreuve. L'Europe occidentale et centrale est divisée entre la France et un puissant Saint-Empire germanique, alors que les rois chrétiens progresse face à une Espagne musulmane divisée et affaiblie. La Scandinavie adopte rapidement la foi chrétienne et les Norrois établis en Russie et en Bretagne adopte les coutumes des populations locales. Toutefois, les descendants des Vikings en Normandie et en Italie préparent des projets de conquête et bientôt, l'heure de la Première Croisade va sonner...;;;;;;;;;;;;x
HIGH_MED_INFO;As Europe entered the 13th century, Constantinople had been weakened by the Turks and sacked by the Fourth Crusade, so the Byzantine Empire was very much weakened. The Turks still reigned in the Middle East and Persia, in India many new kingdoms vied for power after the fall of the old dynasties. The Norman conquest had brought new political and dynastic struggles to England and France, the Christian kingdoms in Spain were continually growing stronger, Scandinavia had left paganism behind and was becoming more centralized. In Russia several principalities struggled for power in the shadow of the Bolghars and Cumans to the east. In Germany and Italy, the Holy Roman Empire still stood firm, but beyond all this, to the east, a new power was to come into play. When the Mongols broke into Eastern Europe and Persia, it changed the balance of power in all of Western Eurasia...;L'Europe entre dans le XIIIe siècle alors que Constantinople, affaiblie par les Turcs, est occupée et pillée par la Quatrième Croisade. Inutile de dire que l'Empire byzantin est formidablement réduit. Les Turcs règnent toujours sur le Moyen-Orient et la Perse, pendant qu'en Inde de nouveaux royaumes rivalisent pour s'approprier les restes des anciennes dynasties disparues. La conquête normande a créé de nombreuses luttes dynastiques et politiques entre l'Angleterre et la France, alors que les royaumes chrétiens d'Espagne poursuivent leurs ascension. Les Scandinaves ont tourné le dos au paganisme et centralisent leur administration. En Russie, plusieurs principautés se disputent le pouvoir dans l'ombre des Bolghars et des Coumans de l'est. En Allemagne et en Italie, le Saint-Empire résiste à l'epreuve du temps. Mais, une nouvelle puissance s'apprête à entrer en scène. Lorsque les Mongols débarquent en Europe de l'Est et en Perse, c'est toute la géopolitique du Monde occidental qui en est ébranlée.;;;;;;;;;;;;x
LATE_MED;Late Middle Ages;Bas Moyen-Âge;;;;;;;;;;;;x
LATE_MED_INFO;Europe in the Late Middle Ages was a very different place compared to a few hundred years earlier. Spain was dominated by the Christian kingdoms, the Muslim rulers only clinging on in the south. The Holy Roman Empire still dominated Central Europe next to a strong Hungary, while in France and England dynastic conflicts with roots in the Norman conquest were to lead to long and bloody wars. The Golden Horde and the Ilkhanate dominated the Steppes and Persia, forcing every ruler between Central Europe and India to take the Mongols into account. The Tughluq dynasty ruled an immense empire in India, while North Africa was divided between various Arab dynasties. Turkish domination in the Middle East seemed to have been ended by the Mongol conquests, but in Anatolia a dynasty known as the Ottomans was stirring...;En cette période aussi qualifiée de Moyen-Âge tardif, l'Europe n'est plus ce qu'elle était il y a plusieurs siècles. L'Espagne est maintenant sous la domination des chrétiens, les dirigeants musulmans ne parvenant qu'à s'accrocher au sud de la péninsule. Le Saint-Empire domine toujours l'Europe centrale, flanqué par une Hongrie prospère, pendant que la France et l'Angleterre sombrent dans de longs et sanglants affrontements, alimenté par des conflits dynastiques dont les racines plongent jusqu'à la conquête normande. La Horde d'Or et l'Ilkhanat dominent les steppes et la Perse, contraignant les dirigeants d'Europe centrale et d'Inde à composer avec la menace mongole. La dynastie des Tughluq préside aux destinées d'un immense empire en Inde pendant que l'Afrique du Nord est morcelée par les grandes familles arabes. La domination turque du Moyen-Orient semble révolue suite aux conquêtes mongoles, mais en Anatolie, le clan des Ottomans fourbit ses armes...;;;;;;;;;;;;x
tribal_county_of;Chiefdom of;Terres des;;;;;;;;;;;;x
obj_become_king_title;Become [Root.GetKingQueen] of [This.Capital.Kingdom.GetName];Devient [Root.GetKingQueen] de [This.Capital.Kingdom.GetName];;;;;;;;;;;;x
RULER_HAS_BECOME_KING_AMBITION;With the ambition to become [GetKingQueen] of §Y[Capital.Kingdom.GetName]§!, §Y[GetTitledFirstName]§! is not allowed to move the capital outside the de jure kingdom.;Avec l'ambition de devenir [Root.GetKingQueen] de §Y[This.Capital.Kingdom.GetName]§!, §Y[GetTitledFirstName]§! n'est pas autorisée à déplacer la capitale à l'extérieur du royaume de jure.;;;;;;;;;;;;x
ca_training_grounds_1_desc;Training grounds is where the castle levies can practise and ready themselves for the inevitability of war.;Des terrains d'entraînement où les troupes du château veut s'exercer et se préparer à une guerre inévitable.;;;;;;;;;;;;x
zun_pagan_reformed;Church of Zun;L'église de Zun;;;;;;;;;;;;x
zun_pagan_DESC;Zun, the Giver of Justice, is the sun-god originally worshipped by the Zunbil dynasty in Afghanistan. Zun embodies wisdom, power, fire and the light that drives away the night. Defining features in-game:\n§Y*§! Can declare Subjugation Wars against all other pagans\n§Y*§! Inferior at conversion and vulnerable to non-pagan missionaries;Zun, le Justicier, est le dieu-soleil qui était à l'origine vénéré par la dynastie Zunbil, en Afghansistan. Zun incarne la sagesse, le pouvoir, le feu et la lumière qui vainc la nuit. Caractéristiques en jeu :\n§Y*§! Peut déclarer des guerres d'assujettissement contre toutes les religions païennes\n§Y*§! Les dirigeants n'ont accès qu'à la succession Gavelkind\n§Y*§! Inférieurs en conversion et vulnérables aux missionnaires non-païens\n§Y*§!;;;;;;;;;;;;x
zun_pagan_reformed_DESC;Zun, the Sun-God and Giver of Justice, embodies wisdom, power, fire and the light that drives away the night. The reformed Zun faith has a Holy Book detailing things such as the creation myths and outlining church doctrine, as well as a standardized liturgy and a formal church hierarchy led by the High Priest. Defining features in-game:\n§Y*§! There is always a High Priest, even if unlanded\n§Y*§! The High Priest can call Great Holy Wars;Zun, dieu-soleil et Justicier, incarne la sagesse, le pouvoir, le feu et la lumière qui vainc la nuit. La foi réformée de Zun a un livre saint qui relate en détails les mythes de la création et la doctrine de cette Église, de même que la liturgie standardisée et la hiérarchie officielle, dirigée par le Grand-Prêtre. Caractéristiques en jeu :\n§Y*§! Il y a toujours un Grand-Prêtre, même s'il n'y a plus de terres\n§Y*§! Le Grand-Prêtre peut déclarer de grandes guerres saintes;;;;;;;;;;;;x
duchy_of_norse;Jarldom of;Domaine de;;;;;;;;;;;;x
duke_female_finnish_pagan;High Chieftess;Grande Cheftaine;;;;;;;;;;;;x
duke_female_finnish_pagan_reformed;High Chieftess;Grande Cheftaine;;;;;;;;;;;;x
duke_female_baltic_pagan;High Chieftess;Grande Cheftaine;;;;;;;;;;;;x
duke_female_baltic_pagan_reformed;High Chieftess;Grande Cheftaine;;;;;;;;;;;;x
duke_female_tengri_pagan;High Chieftess;Grande Cheftaine;;;;;;;;;;;;x
duke_female_tengri_pagan_reformed;High Chieftess;Grande Cheftaine;;;;;;;;;;;;x
duke_female_slavic_pagan;High Chieftess;Grande Cheftaine;;;;;;;;;;;;x
duke_female_slavic_pagan_reformed;High Chieftess;Grande Cheftaine;;;;;;;;;;;;x
tribal_duke_female_old_saxon;High Chieftess;Grande Cheftaine;;;;;;;;;;;;x
tribal_king_female_old_saxon;Grand Chieftess;Grande Cheftaine;;;;;;;;;;;;x
RETTYPE_CUL_PICTISH;Pictish Raiders;Pillards pictes;;;;;;;;;;;;x
CHRONICLE_FILL0001;A dragon was seen in the county of [Root.GetName].;Un dragon a été vu dans la province de [Root.GetName].;;;;;;;;;;;;x
CHRONICLE_FILL0002;A giant destroyed several villages in [Root.GetName], but then disappeared without trace.;Un géant a détruit plusieurs villages de [Root.GetName], puis disparut sans laisser de traces.;;;;;;;;;;;;x
CHRONICLE_FILL0004;Several people in [Root.Capital.GetName] spoke of seeing strange shapes dancing on the moon.;Plusieurs personnes de [Root.Capital.GetName] ont dit avoir vu d'étranges formes danser dans le ciel.;;;;;;;;;;;;x
CHRONICLE_FILL0005;A ten feet tall woman was crucified in the county of [Root.GetName].;Une femme haute de trois mètres a été crucifiée dans la province de [Root.GetName].;;;;;;;;;;;;x
CHRONICLE_FILL0006;Villagers saw blood raining from the sky in the county of [Root.GetName].;Des villageois ont été témoins d'une pluie de sang dans la province de [Root.GetName].;;;;;;;;;;;;x
CHRONICLE_FILL0007;A strange plague killed thousands of wild rabbits in the county of [Root.GetName].;Un mal étrange a tué des milliers de lapins dans la province de [Root.GetName].;;;;;;;;;;;;x
CHRONICLE_DEATH_OF_LIEGE;[Root.GetTitledName], the liege [Root.GetLordLady] of [Player.GetTitledFirstNameWithNick], [From.GetDeathReason] on [GetDateText].;[Root.GetTitledName], suzerain(e) de [Player.GetTitledFirstNameWithNick], [From.GetDeathReason] le [GetDateText].;;;;;;;;;;;;x
CHRONICLE_DEATH_OF_SPOUSE;[Root.GetTitledFirstNameWithNick], the [Root.GetHusbandWife] of [Player.GetTitledName], [From.GetDeathReason] on [GetDateText].;[Root.GetTitledFirstNameWithNick], [Root.GetHusbandWife] de [Player.GetTitledName], [From.GetDeathReason] le [GetDateText].;;;;;;;;;;;;x
CHRONICLE_DEATH_OF_PARENT;[Root.GetTitledFirstNameWithNick], the [Root.GetFatherMother] of [Player.GetTitledName], [From.GetDeathReason] on [GetDateText].;[Root.GetTitledFirstNameWithNick], [Root.GetFatherMother] de [Player.GetTitledName], [From.GetDeathReason] le [GetDateText].;;;;;;;;;;;;x
CHRONICLE_DEATH_OF_HEIR;[Root.GetTitledFirstNameWithNick], the heir of [Player.GetTitledName], [From.GetDeathReason] on [GetDateText].;[Root.GetTitledFirstNameWithNick], héritier de [Player.GetTitledName], [From.GetDeathReason] le [GetDateText].;;;;;;;;;;;;x
CHRONICLE_DEATH_OF_RELIGION_HEAD;[Root.GetBestName], leader of all [Root.Religion.GetName] faithful, [Root.GetDeathReason] on [GetDateText].;[Root.GetBestName], chef de tous les croyants de la religion [Root.Religion.GetName], [Root.GetDeathReason] le [GetDateText].;;;;;;;;;;;;x
CHRONICLE_WAR_DECLARED_DEFENDER;[Prev.PrimaryTitle.GetName] was attacked by the [From.Culture.GetName] realm of [From.PrimaryTitle.GetName], ruled by [From.GetTitledFirstNameWithNick].;Le [Prev.PrimaryTitle.GetName] a été attaqué par les armées [From.Culture.GetName] de [From.PrimaryTitle.GetName], dirigées par [From.GetTitledFirstNameWithNick].;;;;;;;;;;;;x
CHRONICLE_FRIENDLY_CRUSADE_STARTED;[Root.GetTitledName] declared a [Root.Religion.GetCrusadeName], wherein all faithful [Root.Religion.GetName]s were called to help conquer [From.GetName] from the [New.Religion.GetName]s.;[Root.GetTitledName] a déclaré une [Root.Religion.GetCrusadeName], dans laquelle tous les croyants de la religion [Root.Religion.GetName] sont appelés à libérer [From.GetName] du joug de la religion [New.Religion.GetName].;;;;;;;;;;;;x
CHRONICLE_UNFRIENDLY_CRUSADE_STARTED;[Root.GetTitledName] declared a [Root.Religion.GetCrusadeName], wherein all unfaithful [Root.Religion.GetName]s were called to conquer [From.GetName] from the [New.Religion.GetName]s.;[Root.GetTitledName] a déclaré une [Root.Religion.GetCrusadeName], dans laquelle les impies professant la fourbe foi [Root.Religion.GetName] sont appelés à libérer [From.GetName] du joug de la religion [New.Religion.GetName].;;;;;;;;;;;;x
CHRONICLE_CRUSADE_WON;The [From.Religion.GetCrusadeName] declared by [From.RelHead.GetDynName] ended with the successful conquest of [Root.GetName] from the [New.Religion.GetName]s.;La [From.Religion.GetCrusadeName] déclarée par [From.RelHead.GetDynName] s'est terminée par la conquête de [Root.GetName] des mains des adeptes de la religion [New.Religion.GetName].;;;;;;;;;;;;x
CHRONICLE_CRUSADE_WON_AND_I_GOT_THE_TITLE;The [From.Religion.GetCrusadeName] declared by [From.RelHead.GetDynName] ended with the successful conquest of [Root.GetName] from the [New.Religion.GetName]s. [From.GetDynName] became the new [From.GetLordLady] of the conquered lands.;La [From.Religion.GetCrusadeName] déclarée par [From.RelHead.GetDynName] s'est terminée par la conquête de [Root.GetName] des mains des adeptes de la religion [New.Religion.GetName]. [From.GetDynName] est devenu le nouveau [From.GetLordLady] des terres conquises.;;;;;;;;;;;;x
CHRONICLE_AZTECS_FIRST_CONTACT;Strangers in strange ships landed in the [FromFromFrom.Holder.PrimaryTitle.GetAdjective] county of [FromFromFrom.GetName], bringing rise to much worry and rumours across the lands.;Des étrangers à bord d'étranges navires ont accosté sur les terres de [FromFromFrom.GetName], en la province de [FromFromFrom.Holder.PrimaryTitle.GetName], créant un vent d'inquiétude et de rumeurs qui souffle dans les terres.;;;;;;;;;;;;x
CHRONICLE_RUNESTONE_GLUTTONOUS;[Root.GetTitledName] raised a runestone celebrating [Root.GetHerHis] love for food.;[Root.GetTitledName] a fait ériger une pierre runique pour célébrer son amour pour la bonne chère.;;;;;;;;;;;;x
CHRONICLE_RUNESTONE_CRUEL;[Root.GetTitledName] raised a runestone boasting of the cruelty shown to [Root.GetHerHis] enemies.;[Root.GetTitledName] a fait ériger une pierre runique pour vanter la cruauté dont [Root.GetSheHe] fait preuve envers ses ennemis.;;;;;;;;;;;;x
CHRONICLE_PILGRIMAGE_TO_CONSTANTINOPLE;[Root.GetTitledName] made a pious pilgrimage to Constantinople.;[Root.GetTitledName] a fait un pèlerinage à Constantinople;;;;;;;;;;;;x
CHRONICLE_PILGRIMAGE_TO_ANTIOCH;[Root.GetTitledName] made a pious pilgrimage to Antioch.;[Root.GetTitledName] a fait un pèlerinage à Antioche;;;;;;;;;;;;x
CHRONICLE_PILGRIMAGE_TO_CANTERBURY;[Root.GetTitledName] made a pious pilgrimage to Canterbury.;[Root.GetTitledName] a fait un pèlerinage à Cantorbéry.;;;;;;;;;;;;x
CHRONICLE_PILGRIMAGE_TO_KOLN;[Root.GetTitledName] made a pious pilgrimage to Köln.;[Root.GetTitledName] a fait un pèlerinage à Koln.;;;;;;;;;;;;x
CHRONICLE_PILGRIMAGE_TO_SANTIAGO;[Root.GetTitledName] made a pious pilgrimage to Santiago.;[Root.GetTitledName] a fait un pèlerinage à Saint-Jacques de Compostelle.;;;;;;;;;;;;x
CHRONICLE_HERESY_SPREAD;The [From.Religion.GetName] heresy spread its woeful presence in the county of [From.GetName].;Cette terrible hérésie qu'est la religion [From.Religion.GetName] s'est répandue dans la province de [From.GetName].;;;;;;;;;;;;x
CHRONICLE_BECAME_KSHATRIYA;[Root.GetTitledFirstNameWithNick] ascended to the Kshatriya caste, claiming new prestige for [Root.GetHerHis] dynasty among [Root.Religion.GetName] rulers.;[Root.GetTitledFirstNameWithNick], revendiquant du prestige pour sa dynastie parmi les dirigeants de la religion [Root.Religion.GetName], a gravi les échelons jusqu'à la caste kshatriya.;;;;;;;;;;;;x
CHRONICLE_CAPTURED_MAJOR_SETTLEMENT_MYSELF;[Root.GetTitledName] successfully led [Root.GetHerHis] armies, taking [From.GetName] from the enemy.;[Root.GetTitledName] a mené ses troupes à la victoire avec succès, prenant [From.GetName] aux mains des ennemis.;;;;;;;;;;;;x
elective_gavelkind;Elective Gavelkind;Partage électoral;;;;;;;;;;;;x
succ_elective_gavelkind;Elective Gavelkind;Partage électoral;;;;;;;;;;;;x
succ_elective_gavelkind_desc;The titles of the ruler are divided among his children and the primary heir, who is elected from among the members of the ruling dynasty. The law defaults to Primogeniture. You get no Prestige penalty for having unlanded sons, and can have a §Y30%§! larger demesne. Destruction of titles under any form of Gavelkind succession is not allowed. On succession in kingdoms and empires, new kingdoms might be created for younger sons if possible. Junior heirs always get the choice to declare independence without a war.;Les titres du monarque sont partagés entre ses enfants et son héritier désigné, lequel est élu parmi les membres de la dynastie régnante. Le partage est réglé ar la primogéniture. Les fils sans terre n'occasionne aucune perte de prestige et la taille maximale du domaine est accrue de §Y30%§!. Aucun titre ne peut être détruit sous l'égide des lois de succession fondée sur le partage. Au terme d'une succession royale ou impériale, de nouveaux royaumes peuvent être créés pour les héritiers cadets. Ces derniers se voient offrir la possibilité d'accéder à l'indépendance sans devoir livrer de guerre.;;;;;;;;;;;;x
crown_authority;Crown Authority;Autorité de la Couronne;;;;;;;;;;;;x
crown_authority_desc;Medieval kings and emperors fought a constant battle with their vassals over privileges, rights and obligations. The nobility, naturally, tended to favor a weak state...;Les rois et empereurs médiévaux se battaient constamment contre leurs vassaux sur des questions de privilèges, de droits et dobligations. La noblesse, naturellement, tendait à favoriser un État faible...;;;;;;;;;;;;x
crown_authority_0_option;Min;Minime;;;;;;;;;;;;x
crown_authority_0_desc;Vassals are a law unto themselves, ruling their fiefs like petty kingdoms. Their obligations to their liege are minimal.;Les vassaux imposent leurs lois et dirigent leurs fiefs comme sil sagissait de petits royaumes. Leurs obligations envers leur suzerain sont minimales.;;;;;;;;;;;;x
crown_authority_1;Limited Crown Authority;Faible autorité de la Couronne;;;;;;;;;;;;x
crown_authority_1_desc;Vassals enjoy a very large degree of autonomy, but have to provide their liege with a fairly substantial portion of the levies.;Les vassaux jouissent toujours d'une autonomie plutôt large, mais le souverain a la main haute sur les commandants militaires et peut remettre en question les titres.;;;;;;;;;;;;x
crown_authority_2;Medium Crown Authority;Moyenne autorité de la Couronne;;;;;;;;;;;;x
crown_authority_2_option;Medium;Modérée;;;;;;;;;;;;x
crown_authority_2_desc;The powers of the nobility and the monarch are in precarious balance.;Le souverain parvient à équilibrer le pouvoir de la noblesse. La Couronne peut confisquer les fiefs détenus par des hérétiques ou des infidèles. Les guerres privées sont proscrites.;;;;;;;;;;;;x
crown_authority_3;High Crown Authority;Haute autorité de la Couronne;;;;;;;;;;;;x
crown_authority_3_option;High;Haute;;;;;;;;;;;;x
crown_authority_3_desc;The monarch has curbed the rights of the high nobility, relying instead on a budding bureaucracy led by the lesser nobility.;Le monarque a limité les droits de la haute noblesse, préférant sappuyer sur une bureaucratie aux mains dune moindre noblesse. Les titres reviennent à la Couronne plutôt que d'être transmis à l'étranger.;;;;;;;;;;;;x
crown_authority_4;Absolute Crown Authority;Autorité absolue;;;;;;;;;;;;x
crown_authority_4_desc;The Lords of the Realm are chafing under the unrestricted powers of the absolute monarch.;Tout les seigneurs doivent se plier aux pouvoirs illimités du monarque absolu. Ils ne peuvent plus déclarer la guerre sans son concours.;;;;;;;;;;;;x
centralization_desc;A centralized state is important for the liege to grow powerful, but a decentralized state might be easier to maintain.;Une administration centralisée est cruciale pour permettre à un seigneur d'affirmer sa puissance, mais inversement, un gouvernement rudimentaire est plus aisé à entretenir.;;;;;;;;;;;;x
centralization_0;Decentralized;Décentralisé;;;;;;;;;;;;x
centralization_0_option;Min;Minime;;;;;;;;;;;;x
centralization_0_desc;The realm is entirely decentralized, and can effectively handle many vassals.;Le pouvoir central est embryonnaire, mais permet l'allégeance de nombreux vassaux.;;;;;;;;;;;;x
centralization_1_desc;The realm is somewhat decentralized, and can effectively handle several vassals.;On peut parler d'une certaine décentralisation, ce qui favorise l'épanouissement des vassaux.;;;;;;;;;;;;x
centralization_2_desc;The realm is neither centralized nor decentralized, a balance between effective handling of vassals and a powerful demesne for the top liege.;Les pouvoirs de la noblesse et du monarque répondent à un équilibre précaire.;;;;;;;;;;;;x
centralization_3_desc;The realm is somewhat centralized, and allows a big demesne for the top liege.;L'administration de l'État est suffisamment centralisée pour permettre un vaste domaine pour le suzerain.;;;;;;;;;;;;x
centralization_4;Centralized;Centralisé;;;;;;;;;;;;x
centralization_4_desc;The realm is entirely centralized, and allows a much bigger demesne for the top liege.;L'État central est en pleine forme, ce qui lui permet d'administrer un imposant domaine personnel pour le suzerain.;;;;;;;;;;;;x
norse_pagan;Germanic;Nordique;;;;;;;;;;;;x
norse_pagan_reformed;Germanic;Nordique;;;;;;;;;;;;x
kharijite_DESC;The Kharijites are a branch of Islam that was marginalized and repressed early in the 7th century. They believe that any unrepentant sinner is a Kafir, also rejecting the notion of infallibility of the Caliphs. Defining features in-game:\n§Y*§! The Kharijite Caliphate is held by a secular ruler, and can cease to exist.\n§Y*§! The Kharijite Caliph can subjugate other Kharijite rulers freely\n§Y*§! The Kharijite Caliph can declare great Jihads\n§Y*§! Kharijite rulers can - and are expected to have - multiple wives\n§Y*§! Temple Holdings can be held by anyone without penalty\n§Y*§! Kharijite dynasties grow decadent unless the men have enough land and win wars;Les kharidjites forment une branche de l'Islam marginalisée et opprimée dès le début du 7e siècle. D'après les kharidjites, les pécheurs non repentants sont des Kafirs, et rejettent également la notion d'infaillibilité des califes. Caractéristiques en jeu :\n§Y*§! Le califat kharidjite est dirigé par un chef laïc et peut cesser d'exister\n§Y*§! Le calife kharidjite est libre d'assujettir d'autres dirigeants kharidjites.\n§Y*§! Le calife kharidjite peut déclarer de grands jihads\n§Y*§! Les dirigeants kharidjites peuvent (et doivent) avoir plusieurs femmes\n§Y*§! Les propriétés de temple peuvent être tenues par quiconque sans pénalité\n§Y*§! Les dynasties kharidjites deviennent décadentes, sauf si les hommes ont assez de terres et qu'ils gagnent des guerres;;;;;;;;;;;;x
d_kharijite_adj;Kharijite Caliphal;Califat kharidjite;;;;;;;;;;;;x
vice_royalty_baron;Baron Viceroy;Bailli;;;;;;;;;;;;x
vice_royalty_count;Count Viceroy;Vicomte;;;;;;;;;;;;x
vice_royalty_duke;Minor Viceroy;Comte palatin;;;;;;;;;;;;x
vice_royalty_king;Viceroy;Prince palatin;;;;;;;;;;;;x
vice_royalty_emperor;Grand Viceroy;César;;;;;;;;;;;;x
GRANT_VICE_ROYALTY_INTERACTION_TITLE;Grant Viceroyalty;Déléguer l'administration;;;;;;;;;;;;x
GRANT_VICE_ROYALTY_INTERACTION_DESC;Grant a Viceroyalty to the character;Nommer ce personnage à la tête d'une division de vos États;;;;;;;;;;;;x
GRANT_VICE_ROYALTY_INTERACTION_LONG_DESC;Grant one of your landed titles as a Viceroyalty to another character. This will significantly improve their opinion of you. When the character dies, the title will revert back to you.;Déléguer l'administration des terres relevant de l'un de vos titres à ce personnage. Cela va grandement améliorer son opinon à votre égard. Comme il s'agit d'une nomination viagère, le titre vous reviendra à sa mort.;;;;;;;;;;;;x
GRANT_VICE_ROYALTY_INTERACTION_0;Select a title to grant as a Viceroyalty to §Y[Recipient.GetTitledFirstName]§W.;Choisissez le titre qui fera l'objet d'une délégation à §Y[Recipient.GetTitledFirstName]§W.;;;;;;;;;;;;x
GRANT_VICE_ROYALTY_INTERACTION_1;Grant the §Y[ThirdPartyTitle.GetFullName]§W as a Viceroyalty to §Y[Recipient.GetTitledFirstName]§W, increasing [Recipient.GetPossPronoun] opinion of you by §G$OPINION$§W. When §Y[Recipient.GetTitledFirstName]§W dies, the title will revert back to you.;Déléguez l'administration du §Y[ThirdPartyTitle.GetFullName]§W à titre viager à §Y[Recipient.GetTitledFirstName]§W, ce qui aura pour effet d'accroître son opinion à votre égard de §G$OPINION$§W. Quand §Y[Recipient.GetTitledFirstName]§W mourra, le titre vous reviendra.;;;;;;;;;;;;x
GRANT_VICE_ROYALTY_INTERACTION_3;Vassals going with the grant: ;Vassaux inclus avec le titre : ;;;;;;;;;;;;x
GRANT_VICE_ROYALTY_INTERACTION_4;[Player.Religion.GetPietyName] from temple grant: §G$PIETY$§!.;[Player.Religion.GetPietyName] de concession de temple : §G$PIETY$§!.;;;;;;;;;;;;x
GRANT_VICE_ROYALTY_INTERACTION_5;§RMaking [Recipient.GetObjectPronoun] a $TITLE$ will disqualify [Recipient.GetObjectPronoun] from the succession!§!;§R[Recipient.GetObjectPronoun] accorder le titre viager de $TITLE$ lévincera de la succession !§!;;;;;;;;;;;;x
GRANT_VICE_ROYALTY_INTERACTION_ACCEPT_SETUP;Viceroyalty Granted;Délégation viagère;;;;;;;;;;;;x
GRANT_VICE_ROYALTY_INTERACTION_LETTER;We offer you the Viceroyalty of [ThirdPartyTitle.GetFullName];Nous vous octroyons l'autorité d'administrer en notre nom le [ThirdPartyTitle.GetFullName].;;;;;;;;;;;;x
GRANT_VICE_ROYALTY_INTERACTION_6;Grant the §Y[ThirdPartyTitle.GetFullName]§W as a Viceroyalty and all titles under it to §Y[Recipient.GetTitledFirstName]§W, increasing [Recipient.GetPossPronoun] opinion of you by §G$OPINION$§W. When §Y[Recipient.GetTitledFirstName]§W dies, the title will revert back to you.;Déléguez l'administration de §Y[ThirdPartyTitle.GetFullName]§W, ainsi que tout les fiefs en relevant, à titre viager, à §Y[Recipient.GetTitledFirstName]§W, augmente [Recipient.GetPossPronoun] opinion à votre égard de §G$OPINION$§W. Lorsque §Y[Recipient.GetTitledFirstName]§W mourra, le titre vous reviendra.;;;;;;;;;;;;x
opinion_granted_barony_vice_royalty;Granted a Viceroyal Barony;A accordé un baillage;;;;;;;;;;;;x
opinion_granted_county_vice_royalty;Granted a Viceroyal County;A accordé un vicomté;;;;;;;;;;;;x
opinion_granted_duchy_vice_royalty;Granted a Viceroyal Duchy;A accordé un palatinat;;;;;;;;;;;;x
opinion_granted_kingdom_vice_royalty;Granted a Viceroyal Kingdom;A accordé un principauté;;;;;;;;;;;;x
opinion_granted_empire_vice_royalty;Granted an Viceroyal Empire;A accordé un préfecture impériale;;;;;;;;;;;;x
vice_royalty_barony_of;Viceroyal Barony of;Baillage de;;;;;;;;;;;;x
vice_royalty_county_of;Viceroyal County of;Vicomté de;;;;;;;;;;;;x
vice_royalty_duchy_of;Minor Viceroyalty of;Palatinat de;;;;;;;;;;;;x
vice_royalty_kingdom_of;Viceroyalty of;Principauté palatine de;;;;;;;;;;;;x
vice_royalty_empire_of;Grand Viceroyalty of;Prétoire impérial de;;;;;;;;;;;;x
IS_VICE_ROYALTY;Is a Viceroyalty;Est une délégation viagère;;;;;;;;;;;;x
ISNT_VICE_ROYALTY;Is not a Viceroyalty;N'est pas une délégation viagère;;;;;;;;;;;;x
vice_royalty_0;No Viceroyalties;Aucune délégation viagère;;;;;;;;;;;;x
vice_royalty_0_desc;Disables Viceroyalties.;Ne permet pas l'utilisation de vicerois;;;;;;;;;;;;x
vice_royalty_1;Kingdom Viceroyalties;Délégation des royaumes;;;;;;;;;;;;x
vice_royalty_1_desc;Enables Kingdom Viceroyalties.;Permet le recours aux princes palatins;;;;;;;;;;;;x
vice_royalty_2;Duchy Viceroyalties;Délégation des duchés;;;;;;;;;;;;x
no_vice_royalties;No Viceroyalties;Aucune délégation viagère;;;;;;;;;;;;x
emperor_vice_royalties;Allows Empire Viceroyalties;Autorise le recours aux césars, administrant en votre nom un empire entier;;;;;;;;;;;;x
king_vice_royalties;Allows Kingdom Viceroyalties;Autorise le recours aux princes palatins, administrant en votre nom un royaume;;;;;;;;;;;;x
count_vice_royalties;Allows County Viceroyalties;Autorise le recours aux vicomtes, administrant en votre nom un comté;;;;;;;;;;;;x
baron_vice_royalties;Allows Barony Viceroyalties;Autorise le recours aux baillis, administrant en votre nom une baronnie;;;;;;;;;;;;x
vice_royalty;Viceroyalty;Administration viagère;;;;;;;;;;;;x
AIREASON_STRATEGIC_INTEREST;For the good of the realm;Pour le bien de nos terres;;;;;;;;;;;;x
norse_pagan_DESC;In the Early Middle Ages, the ancient Germanic belief system is still dominant in Scandinavia and northern Germany. A pantheon of gods under the wise warrior god Odin (or Wodan) rules all the branches of the worldtree, Yggdrasil. The other two main gods are Thor (Thunar), friend to mankind, and Frey, god of fertility.;Le paganisme nordique est la branche survivante de l'ancien système de croyances germanique. Le sage dieu Odin domine le panthéon des dieux, régnant sur toutes les branches d'Yggdrasil, l'Arbre du Monde. Les deux autres principaux dieux sont Thor, l'ami des hommes, et Frey, le dieu de la fertilité. Dans le jeu :\n§Y*§! Peut effectuer des raids côtiers partout\n§Y*§! Les flottes peuvent naviguer sur les principaux fleuves\n§Y*§! Les dirigeants peuvent préparer des invasions\n§Y*§!Les non-païens qui ont peu de moyens techniques ont une très basse limite de stock dans les comtés païens\n§Y*§! Peuvent déclarer des guerres d'assujettissement à tous les autres païens \n§Y*§! Les dirigeants n'ont accès qu'à la succession Gavelkind\n§Y*§! Les dirigeants ne peuvent déclarer de guerres saintes\n§Y*§! Inférieurs en conversion et vulnérables aux missionnaires non-païens\n§Y*§! Les dirigeants perdent du prestige lors d'une période de paix prolongée\n§Y*§! La foi païenne nordique peut être réformée;;;;;;;;;;;;x
city_job_marshal_greek;Protostrator;Stratège;;;;;;;;;;;;x
